{"_note":"Fortune-score CDF (quantile function). edges[i] = S at cumulative fraction i/buckets. Generated by sim/gen-cdf.mjs; re-run after any model or score change.","seed":24301,"n":200000,"buckets":512,"edges":[0.00001,0.00007,0.00021,0.00057,0.00061,0.00107,0.00228,0.00304,0.00384,0.00528,0.00802,0.00833,0.00833,0.00833,0.00833,0.00956,0.01367,0.01667,0.01667,0.01855,0.02176,0.02461,0.025,0.02581,0.02873,0.03172,0.03333,0.03333,0.03599,0.03868,0.0414,0.04167,0.04365,0.04619,0.04874,0.05,0.05093,0.05338,0.05577,0.05796,0.05833,0.06013,0.0626,0.06502,0.06667,0.06775,0.06984,0.07164,0.07367,0.075,0.07655,0.0788,0.08079,0.0827,0.08363,0.08555,0.08741,0.08893,0.09003,0.09109,0.09167,0.09307,0.09488,0.09705,0.09885,0.1,0.10172,0.10326,0.10494,0.10661,0.10817,0.10906,0.11067,0.11233,0.1141,0.11575,0.11669,0.11835,0.1199,0.12174,0.12353,0.125,0.12586,0.12775,0.12968,0.13128,0.13297,0.13366,0.13523,0.13706,0.13872,0.14043,0.14167,0.14313,0.14499,0.14659,0.14813,0.14962,0.15108,0.15273,0.15431,0.15607,0.15789,0.1595,0.161,0.1623,0.16356,0.16507,0.1664,0.16806,0.16972,0.17149,0.17314,0.1749,0.17649,0.17826,0.18004,0.18169,0.18345,0.18512,0.18672,0.18843,0.1902,0.19194,0.19375,0.19551,0.19729,0.19889,0.20054,0.20232,0.20402,0.20552,0.20716,0.20861,0.21005,0.21139,0.21248,0.21359,0.21472,0.21581,0.21711,0.21859,0.22016,0.22189,0.2235,0.22496,0.22659,0.22813,0.22972,0.23116,0.23255,0.23394,0.23531,0.2368,0.23829,0.23989,0.24142,0.24294,0.24446,0.24618,0.24769,0.2493,0.25091,0.25258,0.25438,0.25593,0.25753,0.25897,0.26035,0.26165,0.26293,0.26404,0.26523,0.26636,0.26745,0.26862,0.26985,0.27111,0.27251,0.27404,0.2755,0.27708,0.27871,0.28051,0.28235,0.28416,0.28584,0.28758,0.28923,0.29083,0.2924,0.29408,0.29573,0.29719,0.29868,0.30024,0.30174,0.30314,0.30453,0.30596,0.30727,0.3086,0.30991,0.31128,0.31266,0.31402,0.31546,0.31692,0.31832,0.31966,0.32094,0.32234,0.32378,0.32512,0.32648,0.32783,0.32938,0.3307,0.33225,0.33372,0.33533,0.33681,0.33836,0.33988,0.34145,0.34309,0.34476,0.34638,0.34792,0.34981,0.35144,0.35293,0.35438,0.35567,0.35701,0.35828,0.35937,0.36044,0.36146,0.36232,0.3633,0.36419,0.36504,0.36593,0.36682,0.3677,0.36866,0.3696,0.37052,0.37153,0.37256,0.37375,0.37492,0.3761,0.37741,0.37876,0.3801,0.38148,0.38289,0.38427,0.38571,0.38721,0.3886,0.39007,0.39153,0.39294,0.3942,0.39556,0.39694,0.39813,0.39949,0.40063,0.40188,0.40328,0.40467,0.40594,0.40726,0.40869,0.40999,0.41142,0.41299,0.41449,0.416,0.41749,0.41916,0.42087,0.42244,0.42411,0.42584,0.4274,0.4292,0.43088,0.43269,0.43431,0.43611,0.43757,0.43926,0.44085,0.44248,0.4441,0.44566,0.44729,0.4488,0.45041,0.45202,0.45348,0.45502,0.45663,0.45826,0.45975,0.46128,0.46279,0.46424,0.4657,0.46703,0.46834,0.46959,0.47096,0.47235,0.47367,0.47498,0.47644,0.47793,0.47953,0.48094,0.4825,0.4842,0.48584,0.48767,0.48942,0.4913,0.49331,0.49528,0.49734,0.49916,0.50111,0.50281,0.50459,0.50634,0.50799,0.50975,0.51158,0.51331,0.51511,0.51696,0.51866,0.52035,0.52234,0.52419,0.52606,0.52796,0.52969,0.5315,0.53335,0.53522,0.53698,0.53866,0.54042,0.54203,0.54363,0.54517,0.5468,0.5484,0.55019,0.552,0.5538,0.55561,0.55759,0.55928,0.56103,0.56303,0.56504,0.56692,0.56919,0.57117,0.57319,0.57538,0.57749,0.57964,0.58191,0.58411,0.5864,0.58872,0.59095,0.59317,0.59582,0.598,0.60022,0.60243,0.60474,0.60752,0.61027,0.61298,0.61565,0.61806,0.6206,0.62324,0.62614,0.62885,0.63166,0.63452,0.63731,0.64013,0.64324,0.64615,0.64902,0.65208,0.65526,0.65841,0.66164,0.66443,0.6672,0.66998,0.67273,0.67534,0.6779,0.68054,0.6829,0.68507,0.68749,0.68981,0.69232,0.69475,0.69723,0.6999,0.70253,0.70502,0.70774,0.71031,0.71297,0.71565,0.71817,0.72092,0.72354,0.72649,0.7292,0.73207,0.73442,0.73719,0.73936,0.74178,0.74415,0.74651,0.74909,0.75155,0.75381,0.75584,0.75823,0.7606,0.76295,0.76522,0.76758,0.76989,0.7725,0.77492,0.77736,0.77997,0.78255,0.78513,0.78763,0.79013,0.79248,0.7948,0.79693,0.79919,0.80146,0.80352,0.80588,0.80785,0.81009,0.8123,0.81459,0.81675,0.81895,0.82095,0.82311,0.82527,0.82749,0.82961,0.83186,0.8341,0.83634,0.83875,0.84099,0.84334,0.8454,0.84746,0.84971,0.85187,0.8542,0.8564,0.85869,0.86103,0.86365,0.86622,0.86883,0.87145,0.87402,0.87686,0.88007,0.88335,0.88679,0.89066,0.89439,0.89867,0.90343,0.90798,0.91394,0.92019,0.9269,0.93621,0.94964,0.99175]}