{"_note":"Fortune-score CDF (quantile function). edges[i] = S at cumulative fraction i/buckets. Generated by sim/gen-cdf.mjs; re-run after any model or score change.","seed":24301,"n":200000,"buckets":512,"weights":{"wealth":0.4,"mobility":0.22,"lifespan":0.26,"career":0.12},"edges":[0,0.00833,0.00833,0.00833,0.00833,0.01667,0.01667,0.025,0.025,0.03333,0.04167,0.04821,0.05,0.05833,0.06667,0.075,0.08333,0.09167,0.09601,0.10142,0.10833,0.11577,0.12042,0.125,0.13,0.13333,0.13909,0.14167,0.14688,0.15184,0.15669,0.16134,0.16614,0.17024,0.17405,0.1775,0.18124,0.18465,0.18825,0.19144,0.19445,0.19726,0.20026,0.20315,0.2059,0.20831,0.21079,0.21323,0.21577,0.21804,0.22027,0.22242,0.22447,0.22633,0.22813,0.23,0.23185,0.23366,0.23549,0.23712,0.23878,0.24029,0.24183,0.24329,0.24477,0.2463,0.24766,0.24896,0.25035,0.25192,0.25334,0.25478,0.2561,0.25749,0.25884,0.26024,0.26156,0.26281,0.26412,0.26555,0.26674,0.26806,0.26928,0.27054,0.27172,0.27294,0.2742,0.27527,0.27642,0.27762,0.27882,0.27989,0.28097,0.28221,0.28336,0.28444,0.28553,0.2866,0.28763,0.28862,0.28961,0.29069,0.29172,0.29281,0.29388,0.29478,0.29583,0.29682,0.29781,0.29881,0.29989,0.30085,0.30183,0.30295,0.30407,0.305,0.30599,0.30696,0.30799,0.30895,0.30997,0.31093,0.31186,0.31289,0.31391,0.31482,0.31575,0.31672,0.31771,0.31865,0.31968,0.32066,0.32168,0.32268,0.32361,0.32456,0.3255,0.32649,0.32741,0.32835,0.32934,0.33018,0.33107,0.332,0.33287,0.33377,0.33473,0.33567,0.3366,0.33756,0.3384,0.33931,0.34019,0.34109,0.34202,0.34287,0.34374,0.34452,0.34541,0.3463,0.34718,0.348,0.34886,0.34978,0.35065,0.35152,0.35235,0.35324,0.3541,0.35492,0.35583,0.35664,0.35753,0.35836,0.35917,0.36005,0.36089,0.3617,0.36253,0.36345,0.36431,0.36508,0.36601,0.36679,0.36765,0.36847,0.36934,0.37021,0.37092,0.37177,0.37259,0.37343,0.3743,0.37506,0.37595,0.37673,0.37752,0.37836,0.37909,0.37995,0.3808,0.38154,0.38231,0.38305,0.38387,0.38463,0.38552,0.38629,0.38706,0.38783,0.38856,0.38949,0.39027,0.39112,0.39187,0.39258,0.3935,0.3942,0.39509,0.39578,0.39658,0.39737,0.39814,0.39889,0.39963,0.40048,0.40118,0.40201,0.40265,0.40353,0.40431,0.40505,0.40579,0.40655,0.40737,0.40807,0.40885,0.40958,0.41042,0.41117,0.41196,0.41271,0.41348,0.41421,0.41493,0.41571,0.41639,0.41722,0.41794,0.41872,0.41942,0.42023,0.42096,0.42176,0.42253,0.42325,0.42412,0.42491,0.42575,0.42647,0.42732,0.42806,0.42883,0.42957,0.4303,0.43108,0.43184,0.43269,0.4334,0.4342,0.43494,0.43576,0.43655,0.43732,0.43811,0.43883,0.43958,0.44024,0.44108,0.44183,0.44263,0.44337,0.44423,0.44501,0.44584,0.44662,0.44751,0.44831,0.44911,0.4498,0.45061,0.45136,0.45212,0.45294,0.45367,0.4545,0.4553,0.45613,0.45694,0.45773,0.45854,0.45935,0.46014,0.46096,0.46177,0.4626,0.4634,0.46425,0.4651,0.46595,0.4668,0.46765,0.46853,0.46937,0.47019,0.47091,0.47173,0.47262,0.47354,0.47442,0.47533,0.47612,0.47697,0.47787,0.47866,0.47964,0.48049,0.48138,0.48229,0.4832,0.48405,0.48501,0.48594,0.48687,0.48787,0.48869,0.48955,0.49046,0.49139,0.49233,0.49339,0.49437,0.49531,0.4963,0.49727,0.49825,0.49918,0.50026,0.50127,0.5023,0.50321,0.50418,0.50518,0.50624,0.50721,0.50829,0.50931,0.51031,0.51134,0.51247,0.51352,0.51461,0.51562,0.51668,0.51778,0.51881,0.51986,0.52097,0.52201,0.52298,0.52413,0.52525,0.52637,0.5275,0.52855,0.52974,0.53096,0.53206,0.53324,0.53442,0.5356,0.53667,0.53795,0.53918,0.54039,0.54172,0.5429,0.54405,0.54522,0.54652,0.54765,0.54895,0.55025,0.55155,0.55281,0.55402,0.55542,0.55681,0.55823,0.55964,0.56091,0.56223,0.56347,0.56485,0.56615,0.56743,0.56882,0.57015,0.57161,0.57292,0.57435,0.57582,0.57729,0.57848,0.57992,0.58135,0.58274,0.58424,0.58577,0.58712,0.5885,0.58994,0.59143,0.59282,0.59425,0.59567,0.59718,0.59867,0.6001,0.60177,0.60333,0.60477,0.60646,0.60808,0.60958,0.6111,0.61265,0.61432,0.61608,0.61776,0.6194,0.621,0.62275,0.62453,0.62612,0.62791,0.62992,0.6317,0.63335,0.6353,0.63704,0.63887,0.64073,0.64282,0.64476,0.6468,0.6488,0.65102,0.65316,0.65527,0.65741,0.65934,0.66158,0.66363,0.66594,0.66801,0.67039,0.67272,0.67488,0.67736,0.67992,0.68238,0.68494,0.68732,0.68979,0.69273,0.69571,0.69876,0.70161,0.70486,0.70805,0.71161,0.71521,0.7188,0.72275,0.72695,0.73176,0.73646,0.74154,0.74667,0.75145,0.75633,0.76133,0.76657,0.77202,0.77665,0.78186,0.78767,0.79343,0.7997,0.80582,0.8123,0.81929,0.82591,0.83288,0.84091,0.84842,0.85797,0.86856,0.88045,0.89372,0.91166,0.9916]}