{"_note":"Fortune-score CDF (quantile function). edges[i] = S at cumulative fraction i/buckets. Generated by sim/gen-cdf.mjs; re-run after any model or score change.","seed":24301,"n":200000,"buckets":512,"edges":[0,0.00005,0.00013,0.00025,0.00044,0.00081,0.00127,0.00242,0.00306,0.00407,0.00592,0.00833,0.00833,0.00833,0.00833,0.00833,0.00926,0.01168,0.01408,0.01643,0.01667,0.01723,0.01924,0.02129,0.02321,0.025,0.025,0.02613,0.02803,0.0298,0.03177,0.03333,0.03333,0.03457,0.03641,0.03794,0.03981,0.04153,0.04167,0.04279,0.04446,0.04607,0.04774,0.04936,0.05,0.05068,0.05227,0.05389,0.05557,0.05684,0.05833,0.05835,0.05996,0.0616,0.06315,0.06462,0.06612,0.06667,0.06782,0.06918,0.07062,0.07193,0.07349,0.07493,0.07544,0.07688,0.07832,0.07968,0.08112,0.08244,0.08333,0.08442,0.08582,0.08724,0.0886,0.08975,0.09086,0.09167,0.09246,0.09367,0.09509,0.09661,0.09789,0.09941,0.10014,0.10158,0.10293,0.10428,0.1056,0.107,0.10827,0.10904,0.11049,0.11189,0.11328,0.1147,0.11607,0.11691,0.1184,0.11974,0.12112,0.12246,0.12407,0.125,0.12568,0.12714,0.1286,0.13003,0.13141,0.13272,0.13334,0.13464,0.13601,0.13739,0.13862,0.13985,0.14124,0.14179,0.14323,0.14477,0.14625,0.14766,0.14889,0.15012,0.15145,0.15281,0.15406,0.15544,0.1568,0.15825,0.15965,0.16111,0.16248,0.16375,0.16503,0.1663,0.16763,0.16892,0.17031,0.17172,0.17323,0.17472,0.17612,0.17752,0.179,0.18047,0.18207,0.18343,0.18489,0.18636,0.18777,0.18928,0.19081,0.19247,0.19398,0.19559,0.19707,0.19859,0.20008,0.20159,0.20303,0.20452,0.20597,0.20736,0.20877,0.21023,0.2116,0.2129,0.21434,0.21575,0.21723,0.21881,0.22028,0.22181,0.22333,0.22482,0.22625,0.22782,0.22931,0.23074,0.2321,0.23341,0.23481,0.23617,0.23755,0.23907,0.24055,0.24213,0.24381,0.24546,0.24697,0.24851,0.25004,0.25148,0.25282,0.25438,0.25591,0.25738,0.2589,0.26047,0.26195,0.26344,0.26479,0.26604,0.26739,0.26863,0.26983,0.27112,0.27245,0.2739,0.2753,0.27685,0.27848,0.28015,0.28181,0.28352,0.28507,0.28684,0.28835,0.28986,0.29147,0.29299,0.29462,0.29611,0.29772,0.29939,0.30107,0.3027,0.30416,0.30584,0.30734,0.3088,0.3103,0.31175,0.31328,0.31495,0.31651,0.31801,0.3195,0.32078,0.32213,0.32358,0.32502,0.32649,0.32789,0.32945,0.33082,0.33234,0.33383,0.33551,0.33692,0.33848,0.34002,0.34156,0.34317,0.34477,0.34632,0.34788,0.34963,0.35121,0.35288,0.35451,0.35617,0.35799,0.35946,0.36087,0.36212,0.3633,0.3643,0.36523,0.36629,0.36726,0.36826,0.36935,0.37039,0.3714,0.3725,0.37375,0.37506,0.37642,0.37792,0.37953,0.38096,0.3826,0.38425,0.38595,0.38755,0.38925,0.39103,0.39257,0.39426,0.39589,0.39733,0.39881,0.40032,0.40187,0.40359,0.40517,0.40678,0.40835,0.40979,0.41138,0.41302,0.4148,0.41645,0.41808,0.41997,0.42173,0.42359,0.42557,0.42723,0.42926,0.43118,0.43328,0.43495,0.43695,0.43862,0.44053,0.44233,0.44409,0.44583,0.44761,0.44947,0.45123,0.45317,0.45507,0.45699,0.45894,0.46075,0.46249,0.46423,0.46592,0.46758,0.46888,0.47036,0.47188,0.47349,0.47488,0.47647,0.47816,0.47982,0.48148,0.48315,0.48495,0.48676,0.48879,0.49093,0.49303,0.4953,0.4976,0.49986,0.502,0.50405,0.50612,0.50798,0.50993,0.51203,0.51402,0.5159,0.5178,0.51982,0.52195,0.52401,0.52614,0.52835,0.53034,0.53256,0.53458,0.5366,0.53865,0.54059,0.54253,0.54435,0.54615,0.548,0.55,0.55205,0.55403,0.55614,0.5582,0.56007,0.56217,0.56441,0.56654,0.56885,0.57118,0.57347,0.57588,0.57843,0.58077,0.58339,0.58597,0.5886,0.59108,0.59348,0.59635,0.59882,0.60106,0.60368,0.60637,0.60948,0.61231,0.61503,0.61766,0.6203,0.62324,0.62646,0.62946,0.63234,0.63531,0.63834,0.64157,0.64471,0.64793,0.65103,0.65435,0.65765,0.66138,0.66452,0.66767,0.67086,0.67351,0.67637,0.67918,0.68183,0.68425,0.68683,0.68929,0.69195,0.6946,0.69726,0.70014,0.70292,0.70579,0.70863,0.71153,0.7144,0.71718,0.72007,0.7229,0.72602,0.72917,0.73244,0.73509,0.73811,0.74044,0.7433,0.74599,0.74878,0.75135,0.75388,0.75616,0.75866,0.76124,0.76396,0.76628,0.76893,0.77163,0.77435,0.77702,0.77995,0.78279,0.78593,0.78864,0.79141,0.79405,0.79643,0.79886,0.80134,0.8036,0.80621,0.80846,0.81095,0.81336,0.81584,0.81825,0.82046,0.82275,0.8252,0.82767,0.83013,0.83249,0.83496,0.83766,0.84027,0.84278,0.84506,0.8473,0.84966,0.85197,0.85443,0.85688,0.85932,0.86188,0.86459,0.86726,0.87017,0.87289,0.87568,0.87868,0.88213,0.88569,0.88955,0.89352,0.89766,0.90257,0.90728,0.91321,0.91973,0.92654,0.93591,0.94948,0.99175]}